sample_name	num_ms	storage_liquid_lot_number	col_phenotype	lot_number	mass_storage_liquid_in_g	density_storage_liquid_in_g_per_mL	volume_storage_liquid_in_L
SEPT19	16.9	00039	blue	00039	7.01	0.98	0.007153061224489796
04409	15.9	00039	green	00039	7.01	0.98	0.007153061224489796
11855	42.0	00039	blue	00039	7.01	0.98	0.007153061224489796
rathbone	40.0	00040	green	00040	7.01	1.003	0.0069890329012961125
04409	15.2	223456789	green	223456789	7.01	1.01	0.006940594059405941
SHR93	16.1	223456789	green	223456789	7.01	1.01	0.006940594059405941
